ENSG.ID	Gene.symbol	Label
ENSG00000115956	PLEK	top100
ENSG00000026751	SLAMF7	top100
ENSG00000254087	LYN	top100
ENSG00000154451	GBP5	top100
ENSG00000160255	ITGB2	top100
ENSG00000143119	CD53	top100
ENSG00000081237	PTPRC	top100
ENSG00000110324	IL10RA	top100
ENSG00000090382	LYZ	top100
ENSG00000180353	HCLS1	top100
ENSG00000116824	CD2	top100
ENSG00000078081	LAMP3	top100
ENSG00000123338	NCKAP1L	top100
ENSG00000142347	MYO1F	top100
ENSG00000185811	IKZF1	top100
ENSG00000162511	LAPTM5	top100
ENSG00000169403	PTAFR	top100
ENSG00000136167	LCP1	top100
ENSG00000173193	PARP14	top100
ENSG00000140030	GPR65	top100
ENSG00000025708	TYMP	top100
ENSG00000116701	NCF2	top100
ENSG00000104951	IL4I1	top100
ENSG00000043462	LCP2	top100
ENSG00000167207	NOD2	top100
ENSG00000060558	GNA15	top100
ENSG00000140511	HAPLN3	top100
ENSG00000102265	TIMP1	top100
ENSG00000172243	CLEC7A	top100
ENSG00000160791	CCR5	top100
ENSG00000101347	SAMHD1	top100
ENSG00000000938	FGR	top100
ENSG00000172183	ISG20	top100
ENSG00000149781	FERMT3	top100
ENSG00000140678	ITGAX	top100
ENSG00000117228	GBP1	top100
ENSG00000158869	FCER1G	top100
ENSG00000163565	IFI16	top100
ENSG00000090339	ICAM1	top100
ENSG00000100368	CSF2RB	top100
ENSG00000137462	TLR2	top100
ENSG00000167208	SNX20	top100
ENSG00000163840	DTX3L	top100
ENSG00000182866	LCK	top100
ENSG00000125347	IRF1	top100
ENSG00000186517	ARHGAP30	top100
ENSG00000159403	C1R	top100
ENSG00000142089	IFITM3	top100
ENSG00000105639	JAK3	top100
ENSG00000138964	PARVG	top100
ENSG00000179583	CIITA	top100
ENSG00000100055	CYTH4	top100
ENSG00000155926	SLA	top100
ENSG00000162493	PDPN	top100
ENSG00000117091	CD48	top100
ENSG00000136286	MYO1G	top100
ENSG00000145623	OSMR	top100
ENSG00000163739	CXCL1	top100
ENSG00000085265	FCN1	top100
ENSG00000138496	PARP9	top100
ENSG00000164691	TAGAP	top100
ENSG00000158714	SLAMF8	top100
ENSG00000028137	TNFRSF1B	top100
ENSG00000172578	KLHL6	top100
ENSG00000110876	SELPLG	top100
ENSG00000185862	EVI2B	top100
ENSG00000168685	IL7R	top100
ENSG00000155307	SAMSN1	top100
ENSG00000188404	SELL	top100
ENSG00000100453	GZMB	top100
ENSG00000168461	RAB31	top100
ENSG00000140749	IGSF6	top100
ENSG00000160593	JAML	top100
ENSG00000019582	CD74	top100
ENSG00000130775	THEMIS2	top100
ENSG00000141968	VAV1	top100
ENSG00000126353	CCR7	top100
ENSG00000141506	PIK3R5	top100
ENSG00000134516	DOCK2	top100
ENSG00000128815	WDFY4	top100
ENSG00000130429	ARPC1B	top100
ENSG00000128335	APOL2	top100
ENSG00000135899	SP110	top100
ENSG00000101224	CDC25B	top100
ENSG00000128284	APOL3	top100
ENSG00000162645	GBP2	top100
ENSG00000143110	C1orf162	top100
ENSG00000187474	FPR3	top100
ENSG00000161405	IKZF3	top100
ENSG00000147443	DOK2	top100
ENSG00000101336	HCK	top100
ENSG00000102879	CORO1A	top100
ENSG00000163600	ICOS	top100
ENSG00000117090	SLAMF1	top100
ENSG00000111335	OAS2	top100
ENSG00000132274	TRIM22	top100
ENSG00000121281	ADCY7	top100
ENSG00000169245	CXCL10	top100
ENSG00000077984	CST7	top100
ENSG00000239713	APOBEC3G	top100
ENSG00000102524	TNFSF13B	inflammatome
ENSG00000186818	LILRB4	inflammatome
ENSG00000127954	STEAP4	inflammatome
ENSG00000122122	SASH3	inflammatome
ENSG00000133106	EPSTI1	inflammatome
ENSG00000203747	FCGR3A	inflammatome
ENSG00000132965	ALOX5AP	inflammatome
ENSG00000100342	APOL1	inflammatome
ENSG00000100985	MMP9	inflammatome
ENSG00000132357	CARD6	inflammatome
ENSG00000156587	UBE2L6	inflammatome
ENSG00000105851	PIK3CG	inflammatome
ENSG00000185215	TNFAIP2	inflammatome
ENSG00000167286	CD3D	inflammatome
ENSG00000135046	ANXA1	inflammatome
ENSG00000026508	CD44	inflammatome
ENSG00000125735	TNFSF14	inflammatome
ENSG00000114013	CD86	inflammatome
ENSG00000104972	LILRB1	inflammatome
ENSG00000138755	CXCL9	inflammatome
ENSG00000170581	STAT2	inflammatome
ENSG00000140968	IRF8	inflammatome
ENSG00000003400	CASP10	inflammatome
ENSG00000101265	RASSF2	inflammatome
ENSG00000140853	NLRC5	inflammatome
ENSG00000009790	TRAF3IP3	inflammatome
ENSG00000198223	CSF2RA	inflammatome
ENSG00000110448	CD5	inflammatome
ENSG00000134460	IL2RA	inflammatome
ENSG00000115415	STAT1	inflammatome
ENSG00000005844	ITGAL	inflammatome
ENSG00000066294	CD84	inflammatome
ENSG00000123329	ARHGAP9	inflammatome
ENSG00000161921	CXCL16	inflammatome
ENSG00000147065	MSN	inflammatome
ENSG00000178562	CD28	inflammatome
ENSG00000163563	MNDA	inflammatome
ENSG00000131042	LILRB2	inflammatome
ENSG00000089327	FXYD5	inflammatome
ENSG00000131203	IDO1	inflammatome
ENSG00000101916	TLR8	inflammatome
ENSG00000137752	CASP1	inflammatome
ENSG00000169896	ITGAM	inflammatome
ENSG00000126264	HCST	inflammatome
ENSG00000170542	SERPINB9	inflammatome
ENSG00000126759	CFP	inflammatome
ENSG00000023902	PLEKHO1	inflammatome
ENSG00000082074	FYB1	inflammatome
ENSG00000110934	BIN2	inflammatome
ENSG00000011600	TYROBP	inflammatome
ENSG00000102962	CCL22	inflammatome
ENSG00000013725	CD6	inflammatome
ENSG00000105122	RASAL3	inflammatome
ENSG00000104814	MAP4K1	inflammatome
ENSG00000171051	FPR1	inflammatome
ENSG00000187498	COL4A1	inflammatome
ENSG00000115232	ITGA4	inflammatome
ENSG00000163191	S100A11	inflammatome
ENSG00000146094	DOK3	inflammatome
ENSG00000221963	APOL6	inflammatome
ENSG00000136250	AOAH	inflammatome
ENSG00000110446	SLC15A3	inflammatome
ENSG00000183486	MX2	inflammatome
ENSG00000103522	IL21R	inflammatome
ENSG00000058262	SEC61A1	inflammatome
ENSG00000160654	CD3G	inflammatome
ENSG00000156127	BATF	inflammatome
ENSG00000102096	PIM2	inflammatome
ENSG00000168394	TAP1	inflammatome
ENSG00000111348	ARHGDIB	inflammatome
ENSG00000176014	TUBB6	inflammatome
ENSG00000163220	S100A9	inflammatome
ENSG00000140464	PML	inflammatome
ENSG00000183484	GPR132	inflammatome
ENSG00000165168	CYBB	inflammatome
ENSG00000064886	CHI3L2	inflammatome
ENSG00000106952	TNFSF8	inflammatome
ENSG00000168404	MLKL	inflammatome
ENSG00000132334	PTPRE	inflammatome
ENSG00000167613	LAIR1	inflammatome
ENSG00000187688	TRPV2	inflammatome
ENSG00000137078	SIT1	inflammatome
ENSG00000143390	RFX5	inflammatome
ENSG00000049249	TNFRSF9	inflammatome
ENSG00000168918	INPP5D	inflammatome
ENSG00000122188	LAX1	inflammatome
ENSG00000185507	IRF7	inflammatome
ENSG00000171310	CHST11	inflammatome
ENSG00000163568	AIM2	inflammatome
ENSG00000169442	CD52	inflammatome
ENSG00000108950	FAM20A	inflammatome
ENSG00000167851	CD300A	inflammatome
ENSG00000122862	SRGN	inflammatome
ENSG00000168421	RHOH	inflammatome
ENSG00000171860	C3AR1	inflammatome
ENSG00000168071	CCDC88B	inflammatome
ENSG00000177409	SAMD9L	inflammatome
ENSG00000175567	UCP2	inflammatome
ENSG00000127084	FGD3	inflammatome
ENSG00000127507	ADGRE2	inflammatome
ENSG00000172215	CXCR6	inflammatome
ENSG00000113263	ITK	inflammatome
ENSG00000186810	CXCR3	inflammatome
ENSG00000184922	FMNL1	inflammatome
ENSG00000086730	LAT2	inflammatome
ENSG00000182326	C1S	inflammatome
ENSG00000185905	C16orf54	inflammatome
ENSG00000172724	CCL19	inflammatome
ENSG00000129667	RHBDF2	inflammatome
ENSG00000157601	MX1	inflammatome
ENSG00000121966	CXCR4	inflammatome
ENSG00000070190	DAPP1	inflammatome
ENSG00000151651	ADAM8	inflammatome
ENSG00000121807	CCR2	inflammatome
ENSG00000108691	CCL2	inflammatome
ENSG00000041982	TNC	inflammatome
ENSG00000185404	SP140L	inflammatome
ENSG00000140379	BCL2A1	inflammatome
ENSG00000104894	CD37	inflammatome
ENSG00000135077	HAVCR2	inflammatome
ENSG00000143851	PTPN7	inflammatome
ENSG00000198821	CD247	inflammatome
ENSG00000171608	PIK3CD	inflammatome
ENSG00000015285	WAS	inflammatome
ENSG00000164430	CGAS	inflammatome
ENSG00000171848	RRM2	inflammatome
ENSG00000198959	TGM2	inflammatome
ENSG00000163131	CTSS	inflammatome
ENSG00000128340	RAC2	inflammatome
ENSG00000123609	NMI	inflammatome
ENSG00000135074	ADAM19	inflammatome
ENSG00000125910	S1PR4	inflammatome
ENSG00000027869	SH2D2A	inflammatome
ENSG00000071246	VASH1	inflammatome
ENSG00000020633	RUNX3	inflammatome
ENSG00000173369	C1QB	inflammatome
ENSG00000134061	CD180	inflammatome
ENSG00000143226	FCGR2A	inflammatome
ENSG00000241839	PLEKHO2	inflammatome
ENSG00000138180	CEP55	inflammatome
ENSG00000174125	TLR1	inflammatome
ENSG00000126709	IFI6	inflammatome
ENSG00000163219	ARHGAP25	inflammatome
ENSG00000089012	SIRPG	inflammatome
ENSG00000119535	CSF3R	inflammatome
ENSG00000126882	FAM78A	inflammatome
ENSG00000139278	GLIPR1	inflammatome
ENSG00000181847	TIGIT	inflammatome
ENSG00000136689	IL1RN	inflammatome
ENSG00000124201	ZNFX1	inflammatome
ENSG00000169508	GPR183	inflammatome
ENSG00000124256	ZBP1	inflammatome
ENSG00000177575	CD163	inflammatome
ENSG00000175463	TBC1D10C	inflammatome
ENSG00000130303	BST2	inflammatome
ENSG00000115267	IFIH1	inflammatome
ENSG00000139193	CD27	inflammatome
ENSG00000013810	TACC3	inflammatome
ENSG00000124126	PREX1	inflammatome
ENSG00000163359	COL6A3	inflammatome
ENSG00000010671	BTK	inflammatome
ENSG00000172716	SLFN11	inflammatome
ENSG00000130508	PXDN	inflammatome
ENSG00000054967	RELT	inflammatome
ENSG00000160883	HK3	inflammatome
ENSG00000115935	WIPF1	inflammatome
ENSG00000066336	SPI1	inflammatome
ENSG00000077238	IL4R	inflammatome
ENSG00000119714	GPR68	inflammatome
ENSG00000175489	LRRC25	inflammatome
ENSG00000110719	TCIRG1	inflammatome
ENSG00000196743	GM2A	inflammatome
ENSG00000162711	NLRP3	inflammatome
ENSG00000132514	CLEC10A	inflammatome
ENSG00000161929	SCIMP	inflammatome
ENSG00000170476	MZB1	inflammatome
ENSG00000197629	MPEG1	inflammatome
ENSG00000143546	S100A8	inflammatome
ENSG00000242574	HLA-DMB	inflammatome
ENSG00000119917	IFIT3	inflammatome
ENSG00000168610	STAT3	inflammatome
ENSG00000023892	DEF6	inflammatome
ENSG00000159189	C1QC	inflammatome
ENSG00000146192	FGD2	inflammatome
ENSG00000115165	CYTIP	inflammatome
ENSG00000005059	MCUB	inflammatome
ENSG00000121594	CD80	inflammatome
ENSG00000103222	ABCC1	inflammatome
ENSG00000110077	MS4A6A	inflammatome
ENSG00000162739	SLAMF6	inflammatome
ENSG00000162654	GBP4	inflammatome
ENSG00000148346	LCN2	inflammatome
ENSG00000142227	EMP3	inflammatome
ENSG00000160691	SHC1	inflammatome
ENSG00000096996	IL12RB1	inflammatome
ENSG00000130755	GMFG	inflammatome
ENSG00000186074	CD300LF	inflammatome
ENSG00000198851	CD3E	inflammatome
ENSG00000134827	TCN1	inflammatome
ENSG00000136514	RTP4	inflammatome
ENSG00000198771	RCSD1	inflammatome
ENSG00000167460	TPM4	inflammatome
ENSG00000185201	IFITM2	inflammatome
ENSG00000113088	GZMK	inflammatome
ENSG00000173821	RNF213	inflammatome
ENSG00000113532	ST8SIA4	inflammatome
ENSG00000145649	GZMA	inflammatome
ENSG00000064666	CNN2	inflammatome
ENSG00000223865	HLA-DPB1	inflammatome
ENSG00000153283	CD96	inflammatome
ENSG00000115085	ZAP70	inflammatome
ENSG00000100365	NCF4	inflammatome
ENSG00000196611	MMP1	inflammatome
ENSG00000188313	PLSCR1	inflammatome
ENSG00000173372	C1QA	inflammatome
ENSG00000122861	PLAU	inflammatome
ENSG00000028277	POU2F2	inflammatome
ENSG00000105374	NKG7	inflammatome
ENSG00000023445	BIRC3	inflammatome
ENSG00000155660	PDIA4	inflammatome
ENSG00000204287	HLA-DRA	inflammatome
ENSG00000132205	EMILIN2	inflammatome
ENSG00000137265	IRF4	inflammatome
ENSG00000187608	ISG15	inflammatome
ENSG00000011422	PLAUR	inflammatome
ENSG00000176788	BASP1	inflammatome
ENSG00000073861	TBX21	inflammatome
ENSG00000104998	IL27RA	inflammatome
ENSG00000109805	NCAPG	inflammatome
ENSG00000012223	LTF	inflammatome
ENSG00000131378	RFTN1	inflammatome
ENSG00000111331	OAS3	inflammatome
ENSG00000130487	KLHDC7B	inflammatome
ENSG00000135114	OASL	inflammatome
ENSG00000174946	GPR171	inflammatome
ENSG00000124508	BTN2A2	inflammatome
ENSG00000153563	CD8A	inflammatome
ENSG00000079931	MOXD1	inflammatome
ENSG00000148773	MKI67	inflammatome
ENSG00000169248	CXCL11	inflammatome
ENSG00000166750	SLFN5	inflammatome
ENSG00000234745	HLA-B	inflammatome
ENSG00000113368	LMNB1	inflammatome
ENSG00000196954	CASP4	inflammatome
ENSG00000188820	CALHM6	inflammatome
ENSG00000204262	COL5A2	inflammatome
ENSG00000146232	NFKBIE	inflammatome
ENSG00000163823	CCR1	inflammatome
ENSG00000184584	STING1	inflammatome
ENSG00000167895	TMC8	inflammatome
ENSG00000186827	TNFRSF4	inflammatome
ENSG00000140368	PSTPIP1	inflammatome
ENSG00000167077	MEI1	inflammatome
ENSG00000137965	IFI44	inflammatome
ENSG00000111801	BTN3A3	inflammatome
ENSG00000198286	CARD11	inflammatome
ENSG00000180644	PRF1	inflammatome
ENSG00000118503	TNFAIP3	inflammatome
ENSG00000164111	ANXA5	inflammatome
ENSG00000056558	TRAF1	inflammatome
ENSG00000132530	XAF1	inflammatome
ENSG00000125730	C3	inflammatome
ENSG00000122224	LY9	inflammatome
ENSG00000162692	VCAM1	inflammatome
ENSG00000078589	P2RY10	inflammatome
ENSG00000136490	LIMD2	inflammatome
ENSG00000135604	STX11	inflammatome
ENSG00000091106	NLRC4	inflammatome
ENSG00000134871	COL4A2	inflammatome
ENSG00000129450	SIGLEC9	inflammatome
ENSG00000124102	PI3	inflammatome
ENSG00000100060	MFNG	inflammatome
ENSG00000150637	CD226	inflammatome
ENSG00000101057	MYBL2	inflammatome
ENSG00000151883	PARP8	inflammatome
ENSG00000059377	TBXAS1	inflammatome
ENSG00000131323	TRAF3	inflammatome
ENSG00000112343	TRIM38	inflammatome
ENSG00000165304	MELK	inflammatome
ENSG00000196154	S100A4	inflammatome
ENSG00000089692	LAG3	inflammatome
ENSG00000141480	ARRB2	inflammatome
ENSG00000105939	ZC3HAV1	inflammatome
ENSG00000204291	COL15A1	inflammatome
ENSG00000107968	MAP3K8	inflammatome
ENSG00000120280	TASL	inflammatome
ENSG00000115523	GNLY	inflammatome
ENSG00000169413	RNASE6	inflammatome
ENSG00000235568	NFAM1	inflammatome
ENSG00000164054	SHISA5	inflammatome
ENSG00000079263	SP140	inflammatome
ENSG00000111145	ELK3	inflammatome
ENSG00000163874	ZC3H12A	inflammatome
ENSG00000124731	TREM1	inflammatome
ENSG00000072818	ACAP1	inflammatome
ENSG00000204264	PSMB8	inflammatome
ENSG00000064012	CASP8	inflammatome
ENSG00000160326	SLC2A6	inflammatome
ENSG00000163564	PYHIN1	inflammatome
ENSG00000240065	PSMB9	inflammatome
ENSG00000204516	MICB	inflammatome
ENSG00000123342	MMP19	inflammatome
ENSG00000163599	CTLA4	inflammatome
ENSG00000131747	TOP2A	inflammatome
ENSG00000160710	ADAR	inflammatome
ENSG00000107099	DOCK8	inflammatome
ENSG00000145779	TNFAIP8	inflammatome
ENSG00000169679	BUB1	inflammatome
ENSG00000159840	ZYX	inflammatome
ENSG00000166741	NNMT	inflammatome
ENSG00000091490	SEL1L3	inflammatome
ENSG00000163508	EOMES	inflammatome
ENSG00000089127	OAS1	inflammatome
ENSG00000105329	TGFB1	inflammatome
ENSG00000093072	ADA2	inflammatome
ENSG00000029153	BMAL2	inflammatome
ENSG00000136048	DRAM1	inflammatome
ENSG00000174175	SELP	inflammatome
ENSG00000126787	DLGAP5	inflammatome
ENSG00000162777	DENND2D	inflammatome
ENSG00000134242	PTPN22	inflammatome
ENSG00000138135	CH25H	inflammatome
ENSG00000038427	VCAN	inflammatome
ENSG00000109861	CTSC	inflammatome
ENSG00000171700	RGS19	inflammatome
ENSG00000197622	CDC42SE1	inflammatome
ENSG00000231389	HLA-DPA1	inflammatome
ENSG00000151702	FLI1	inflammatome
ENSG00000172936	MYD88	inflammatome
ENSG00000077420	APBB1IP	inflammatome
ENSG00000197471	SPN	inflammatome
ENSG00000089639	GMIP	inflammatome
ENSG00000163430	FSTL1	inflammatome
ENSG00000146112	PPP1R18	inflammatome
ENSG00000134013	LOXL2	inflammatome
ENSG00000186407	CD300E	inflammatome
ENSG00000059378	PARP12	inflammatome
ENSG00000132109	TRIM21	inflammatome
ENSG00000143297	FCRL5	inflammatome
ENSG00000147168	IL2RG	inflammatome
ENSG00000163519	TRAT1	inflammatome
ENSG00000159399	HK2	inflammatome
ENSG00000111252	SH2B3	inflammatome
ENSG00000171631	P2RY6	inflammatome
ENSG00000147251	DOCK11	inflammatome
ENSG00000100034	PPM1F	inflammatome
ENSG00000106948	AKNA	inflammatome
ENSG00000168961	LGALS9	inflammatome
ENSG00000002549	LAP3	inflammatome
ENSG00000010610	CD4	inflammatome
ENSG00000005302	MSL3	inflammatome
ENSG00000231925	TAPBP	inflammatome
ENSG00000109943	CRTAM	inflammatome
ENSG00000227507	LTB	inflammatome
ENSG00000137841	PLCB2	inflammatome
ENSG00000094804	CDC6	inflammatome
ENSG00000114353	GNAI2	inflammatome
ENSG00000204577	LILRB3	inflammatome
ENSG00000111679	PTPN6	inflammatome
ENSG00000153395	LPCAT1	inflammatome
ENSG00000181026	AEN	inflammatome
ENSG00000169429	CXCL8	inflammatome
ENSG00000172123	SLFN12	inflammatome
ENSG00000166710	B2M	inflammatome
ENSG00000068079	IFI35	inflammatome
ENSG00000160219	GAB3	inflammatome
ENSG00000184060	ADAP2	inflammatome
ENSG00000164611	PTTG1	inflammatome
ENSG00000152229	PSTPIP2	inflammatome
ENSG00000149968	MMP3	inflammatome
ENSG00000177272	KCNA3	inflammatome
ENSG00000164692	COL1A2	inflammatome
ENSG00000135905	DOCK10	inflammatome
ENSG00000182481	KPNA2	inflammatome
ENSG00000106683	LIMK1	inflammatome
ENSG00000057657	PRDM1	inflammatome
ENSG00000101109	STK4	inflammatome
ENSG00000158485	CD1B	inflammatome
ENSG00000128383	APOBEC3A	inflammatome
ENSG00000145050	MANF	inflammatome
ENSG00000128595	CALU	inflammatome
ENSG00000170458	CD14	inflammatome
ENSG00000110218	PANX1	inflammatome
ENSG00000050730	TNIP3	inflammatome
ENSG00000177105	RHOG	inflammatome
ENSG00000004468	CD38	inflammatome
ENSG00000101294	HM13	inflammatome
ENSG00000112984	KIF20A	inflammatome
ENSG00000182162	P2RY8	inflammatome
ENSG00000134470	IL15RA	inflammatome
ENSG00000081320	STK17B	inflammatome
ENSG00000088826	SMOX	inflammatome
ENSG00000197405	C5AR1	inflammatome
ENSG00000112242	E2F3	inflammatome
ENSG00000263528	IKBKE	inflammatome
ENSG00000131236	CAP1	inflammatome
ENSG00000173559	NABP1	inflammatome
ENSG00000151790	TDO2	inflammatome
ENSG00000154589	LY96	inflammatome
ENSG00000179218	CALR	inflammatome
ENSG00000150681	RGS18	inflammatome
ENSG00000183918	SH2D1A	inflammatome
ENSG00000145416	MARCHF1	inflammatome
ENSG00000134851	TMEM165	inflammatome
ENSG00000100219	XBP1	inflammatome
ENSG00000167850	CD300C	inflammatome
ENSG00000232810	TNF	inflammatome
ENSG00000159216	RUNX1	inflammatome
ENSG00000185885	IFITM1	inflammatome
ENSG00000168542	COL3A1	inflammatome
ENSG00000145386	CCNA2	inflammatome
ENSG00000165949	IFI27	inflammatome
ENSG00000164733	CTSB	inflammatome
ENSG00000196684	HSH2D	inflammatome
ENSG00000026950	BTN3A1	inflammatome
ENSG00000121552	CSTA	inflammatome
ENSG00000144802	NFKBIZ	inflammatome
ENSG00000103187	COTL1	inflammatome
ENSG00000112195	TREML2	inflammatome
ENSG00000071054	MAP4K4	inflammatome
ENSG00000168995	SIGLEC7	inflammatome
ENSG00000140105	WARS1	inflammatome
ENSG00000187116	LILRA5	inflammatome
ENSG00000101082	SLA2	inflammatome
ENSG00000124875	CXCL6	inflammatome
ENSG00000112303	VNN2	inflammatome
ENSG00000093009	CDC45	inflammatome
ENSG00000125810	CD93	inflammatome
ENSG00000183813	CCR4	inflammatome
ENSG00000103313	MEFV	inflammatome
ENSG00000166598	HSP90B1	inflammatome
ENSG00000255833	TIFAB	inflammatome
ENSG00000204482	LST1	inflammatome
ENSG00000034510	TMSB10	inflammatome
ENSG00000178927	CYBC1	inflammatome
ENSG00000110031	LPXN	inflammatome
ENSG00000012779	ALOX5	inflammatome
ENSG00000145287	PLAC8	inflammatome
ENSG00000134109	EDEM1	inflammatome
ENSG00000117461	PIK3R3	inflammatome
ENSG00000089685	BIRC5	inflammatome
ENSG00000160013	PTGIR	inflammatome
ENSG00000104856	RELB	inflammatome
ENSG00000137077	CCL21	inflammatome
ENSG00000114251	WNT5A	inflammatome
ENSG00000118971	CCND2	inflammatome
ENSG00000146670	CDCA5	inflammatome
ENSG00000154096	THY1	inflammatome
ENSG00000176170	SPHK1	inflammatome
ENSG00000118705	RPN2	inflammatome
ENSG00000123685	BATF3	inflammatome
ENSG00000120217	CD274	inflammatome
ENSG00000123610	TNFAIP6	inflammatome
ENSG00000157193	LRP8	inflammatome
ENSG00000112799	LY86	inflammatome
ENSG00000159110	IFNAR2	inflammatome
ENSG00000198624	CCDC69	inflammatome
ENSG00000244509	APOBEC3C	inflammatome
ENSG00000188042	ARL4C	inflammatome
ENSG00000072786	STK10	inflammatome
ENSG00000130816	DNMT1	inflammatome
ENSG00000100526	CDKN3	inflammatome
ENSG00000105559	PLEKHA4	inflammatome
ENSG00000111817	DSE	inflammatome
ENSG00000154978	VOPP1	inflammatome
ENSG00000189057	FAM111B	inflammatome
ENSG00000072110	ACTN1	inflammatome
ENSG00000115594	IL1R1	inflammatome
ENSG00000168062	BATF2	inflammatome
ENSG00000008516	MMP25	inflammatome
ENSG00000084652	TXLNA	inflammatome
ENSG00000206503	HLA-A	inflammatome
ENSG00000106991	ENG	inflammatome
ENSG00000092929	UNC13D	inflammatome
ENSG00000179344	HLA-DQB1	inflammatome
ENSG00000085514	PILRA	inflammatome
ENSG00000114999	TTL	inflammatome
ENSG00000172322	CLEC12A	inflammatome
ENSG00000100450	GZMH	inflammatome
ENSG00000205413	SAMD9	inflammatome
ENSG00000118193	KIF14	inflammatome
ENSG00000166927	MS4A7	inflammatome
ENSG00000101017	CD40	inflammatome
ENSG00000159496	RGL4	inflammatome
ENSG00000086300	SNX10	inflammatome
ENSG00000075884	ARHGAP15	inflammatome
ENSG00000090376	IRAK3	inflammatome
ENSG00000152778	IFIT5	inflammatome
ENSG00000184371	CSF1	inflammatome
ENSG00000167984	NLRC3	inflammatome
ENSG00000084070	SMAP2	inflammatome
ENSG00000087589	CASS4	inflammatome
ENSG00000153317	ASAP1	inflammatome
ENSG00000180871	CXCR2	inflammatome
ENSG00000090104	RGS1	inflammatome
ENSG00000175063	UBE2C	inflammatome
ENSG00000185880	TRIM69	inflammatome
ENSG00000141574	SECTM1	inflammatome
ENSG00000153551	CMTM7	inflammatome
ENSG00000197646	PDCD1LG2	inflammatome
ENSG00000140937	CDH11	inflammatome
ENSG00000113749	HRH2	inflammatome
ENSG00000181631	P2RY13	inflammatome
ENSG00000166073	GPR176	inflammatome
ENSG00000075618	FSCN1	inflammatome
ENSG00000120889	TNFRSF10B	inflammatome
ENSG00000090889	KIF4A	inflammatome
ENSG00000162745	OLFML2B	inflammatome
ENSG00000003056	M6PR	inflammatome
ENSG00000124357	NAGK	inflammatome
ENSG00000139329	LUM	inflammatome
ENSG00000111537	IFNG	inflammatome
ENSG00000161791	FMNL3	inflammatome
ENSG00000156234	CXCL13	inflammatome
ENSG00000116132	PRRX1	inflammatome
ENSG00000204592	HLA-E	inflammatome
ENSG00000204252	HLA-DOA	inflammatome
ENSG00000148848	ADAM12	inflammatome
ENSG00000196664	TLR7	inflammatome
ENSG00000182179	UBA7	inflammatome
ENSG00000160185	UBASH3A	inflammatome
ENSG00000243649	CFB	inflammatome
ENSG00000115009	CCL20	inflammatome
ENSG00000088325	TPX2	inflammatome
ENSG00000162894	FCMR	inflammatome
ENSG00000177494	ZBED2	inflammatome
ENSG00000167900	TK1	inflammatome
ENSG00000062038	CDH3	inflammatome
ENSG00000110665	C11orf21	inflammatome
ENSG00000111206	FOXM1	inflammatome
ENSG00000139178	C1RL	inflammatome
ENSG00000178860	MSC	inflammatome
ENSG00000107742	SPOCK2	inflammatome
ENSG00000137496	IL18BP	inflammatome
ENSG00000182578	CSF1R	inflammatome
ENSG00000134057	CCNB1	inflammatome
ENSG00000170909	OSCAR	inflammatome
ENSG00000165025	SYK	inflammatome
ENSG00000100385	IL2RB	inflammatome
ENSG00000142512	SIGLEC10	inflammatome
ENSG00000144837	PLA1A	inflammatome
ENSG00000129226	CD68	inflammatome
ENSG00000017483	SLC38A5	inflammatome
ENSG00000138378	STAT4	inflammatome
ENSG00000089820	ARHGAP4	inflammatome
ENSG00000119403	PHF19	inflammatome
ENSG00000105369	CD79A	inflammatome
ENSG00000168078	PBK	inflammatome
ENSG00000181458	TMEM45A	inflammatome
ENSG00000108821	COL1A1	inflammatome
ENSG00000123975	CKS2	inflammatome
ENSG00000126860	EVI2A	inflammatome
ENSG00000102970	CCL17	inflammatome
ENSG00000116663	FBXO6	inflammatome
ENSG00000099331	MYO9B	inflammatome
ENSG00000173432	SAA1	inflammatome
ENSG00000144843	ADPRH	inflammatome
ENSG00000174600	CMKLR1	inflammatome
ENSG00000106066	CPVL	inflammatome
ENSG00000112149	CD83	inflammatome
ENSG00000071575	TRIB2	inflammatome
ENSG00000137757	CASP5	inflammatome
ENSG00000065911	MTHFD2	inflammatome
ENSG00000026025	VIM	inflammatome
ENSG00000149257	SERPINH1	inflammatome
ENSG00000162734	PEA15	inflammatome
ENSG00000214212	C19orf38	inflammatome
ENSG00000167083	GNGT2	inflammatome
ENSG00000157551	KCNJ15	inflammatome
ENSG00000117560	FASLG	inflammatome
ENSG00000163154	TNFAIP8L2	inflammatome
ENSG00000160991	ORAI2	inflammatome
ENSG00000087116	ADAMTS2	inflammatome
ENSG00000178789	CD300LB	inflammatome
ENSG00000100918	REC8	inflammatome
ENSG00000169385	RNASE2	inflammatome
ENSG00000177674	AGTRAP	inflammatome
ENSG00000184557	SOCS3	inflammatome
ENSG00000078098	FAP	inflammatome
ENSG00000121152	NCAPH	inflammatome
ENSG00000164674	SYTL3	inflammatome
ENSG00000204257	HLA-DMA	inflammatome
ENSG00000064932	SBNO2	inflammatome
ENSG00000143384	MCL1	inflammatome
ENSG00000271503	CCL5	inflammatome
ENSG00000105835	NAMPT	inflammatome
ENSG00000152213	ARL11	inflammatome
ENSG00000106785	TRIM14	inflammatome
ENSG00000204642	HLA-F	inflammatome
ENSG00000137571	SLCO5A1	inflammatome
ENSG00000166523	CLEC4E	inflammatome
ENSG00000155962	CLIC2	inflammatome
ENSG00000004399	PLXND1	inflammatome
ENSG00000081052	COL4A4	inflammatome
ENSG00000140931	CMTM3	inflammatome
ENSG00000185291	IL3RA	inflammatome
ENSG00000197872	CYRIA	inflammatome
ENSG00000197965	MPZL1	inflammatome
ENSG00000173200	PARP15	inflammatome
ENSG00000090659	CD209	inflammatome
ENSG00000140525	FANCI	inflammatome
ENSG00000117226	GBP3	inflammatome
ENSG00000118785	SPP1	inflammatome
ENSG00000197299	BLM	inflammatome
ENSG00000132718	SYT11	inflammatome
ENSG00000075624	ACTB	inflammatome
ENSG00000130309	COLGALT1	inflammatome
ENSG00000103653	CSK	inflammatome
ENSG00000162512	SDC3	inflammatome
ENSG00000150961	SEC24D	inflammatome
ENSG00000105246	EBI3	inflammatome
ENSG00000125538	IL1B	inflammatome
ENSG00000171777	RASGRP4	inflammatome
ENSG00000166794	PPIB	inflammatome
ENSG00000106546	AHR	inflammatome
ENSG00000139572	GPR84	inflammatome
ENSG00000266094	RASSF5	inflammatome
ENSG00000006327	TNFRSF12A	inflammatome
ENSG00000137959	IFI44L	inflammatome
ENSG00000183386	FHL3	inflammatome
ENSG00000033100	CHPF2	inflammatome
ENSG00000216490	IFI30	inflammatome
ENSG00000120708	TGFBI	inflammatome
ENSG00000196839	ADA	inflammatome
ENSG00000150867	PIP4K2A	inflammatome
ENSG00000158186	MRAS	inflammatome
ENSG00000129128	SPCS3	inflammatome
ENSG00000197535	MYO5A	inflammatome
ENSG00000135334	AKIRIN2	inflammatome
ENSG00000142945	KIF2C	inflammatome
ENSG00000174130	TLR6	inflammatome
ENSG00000072694	FCGR2B	inflammatome
ENSG00000117724	CENPF	inflammatome
ENSG00000149131	SERPING1	inflammatome
ENSG00000149428	HYOU1	inflammatome
ENSG00000077150	NFKB2	inflammatome
ENSG00000110777	POU2AF1	inflammatome
ENSG00000099337	KCNK6	inflammatome
ENSG00000092010	PSME1	inflammatome
ENSG00000171049	FPR2	inflammatome
ENSG00000134802	SLC43A3	inflammatome
ENSG00000143870	PDIA6	inflammatome
ENSG00000111913	RIPOR2	inflammatome
ENSG00000158710	TAGLN2	inflammatome
ENSG00000113140	SPARC	inflammatome
ENSG00000196735	HLA-DQA1	inflammatome
ENSG00000180448	ARHGAP45	inflammatome
ENSG00000141524	TMC6	inflammatome
ENSG00000138080	EMILIN1	inflammatome
ENSG00000205744	DENND1C	inflammatome
ENSG00000044574	HSPA5	inflammatome
ENSG00000131238	PPT1	inflammatome
ENSG00000184254	ALDH1A3	inflammatome
ENSG00000109320	NFKB1	inflammatome
ENSG00000172932	ANKRD13D	inflammatome
ENSG00000186265	BTLA	inflammatome
ENSG00000271605	MILR1	inflammatome
ENSG00000158481	CD1C	inflammatome
ENSG00000172081	MOB3A	inflammatome
ENSG00000204267	TAP2	inflammatome
ENSG00000160856	FCRL3	inflammatome
ENSG00000198604	BAZ1A	inflammatome
ENSG00000100504	PYGL	inflammatome
ENSG00000188389	PDCD1	inflammatome
ENSG00000068831	RASGRP2	inflammatome
ENSG00000103490	PYCARD	inflammatome
ENSG00000106366	SERPINE1	inflammatome
ENSG00000137804	NUSAP1	inflammatome
ENSG00000175115	PACS1	inflammatome
ENSG00000115163	CENPA	inflammatome
ENSG00000117399	CDC20	inflammatome
ENSG00000182511	FES	inflammatome
ENSG00000184661	CDCA2	inflammatome
ENSG00000083799	CYLD	inflammatome
ENSG00000125245	GPR18	inflammatome
ENSG00000119922	IFIT2	inflammatome
ENSG00000100336	APOL4	inflammatome
ENSG00000142669	SH3BGRL3	inflammatome
ENSG00000088827	SIGLEC1	inflammatome
ENSG00000131446	MGAT1	inflammatome
ENSG00000050344	NFE2L3	inflammatome
ENSG00000152049	KCNE4	inflammatome
ENSG00000156738	MS4A1	inflammatome
ENSG00000106560	GIMAP2	inflammatome
ENSG00000108829	LRRC59	inflammatome
ENSG00000087245	MMP2	inflammatome
ENSG00000197157	SND1	inflammatome
ENSG00000178999	AURKB	inflammatome
ENSG00000136859	ANGPTL2	inflammatome
ENSG00000196924	FLNA	inflammatome
ENSG00000121060	TRIM25	inflammatome
ENSG00000181467	RAP2B	inflammatome
ENSG00000174837	ADGRE1	inflammatome
ENSG00000143476	DTL	inflammatome
ENSG00000143515	ATP8B2	inflammatome
ENSG00000165480	SKA3	inflammatome
ENSG00000007908	SELE	inflammatome
ENSG00000015475	BID	inflammatome
ENSG00000187796	CARD9	inflammatome
ENSG00000126262	FFAR2	inflammatome
ENSG00000177989	ODF3B	inflammatome
ENSG00000075218	GTSE1	inflammatome
ENSG00000136279	DBNL	inflammatome
ENSG00000115607	IL18RAP	inflammatome
ENSG00000155629	PIK3AP1	inflammatome
ENSG00000157827	FMNL2	inflammatome
ENSG00000123146	ADGRE5	inflammatome
ENSG00000196209	SIRPB2	inflammatome
ENSG00000159231	CBR3	inflammatome
ENSG00000163947	ARHGEF3	inflammatome
ENSG00000148344	PTGES	inflammatome
ENSG00000099958	DERL3	inflammatome
ENSG00000119632	IFI27L2	inflammatome
ENSG00000184840	TMED9	inflammatome
ENSG00000135677	GNS	inflammatome
ENSG00000258227	CLEC5A	inflammatome
ENSG00000197540	GZMM	inflammatome
ENSG00000132256	TRIM5	inflammatome
ENSG00000116852	KIF21B	inflammatome
ENSG00000213654	GPSM3	inflammatome
ENSG00000106624	AEBP1	inflammatome
ENSG00000124491	F13A1	inflammatome
ENSG00000115355	CCDC88A	inflammatome
ENSG00000164483	SAMD3	inflammatome
ENSG00000066279	ASPM	inflammatome
ENSG00000105383	CD33	inflammatome
ENSG00000157191	NECAP2	inflammatome
ENSG00000165071	TMEM71	inflammatome
ENSG00000148908	RGS10	inflammatome
ENSG00000213928	IRF9	inflammatome
ENSG00000139629	GALNT6	inflammatome
ENSG00000150337	FCGR1A	inflammatome
ENSG00000135636	DYSF	inflammatome
ENSG00000038945	MSR1	inflammatome
ENSG00000136147	PHF11	inflammatome
ENSG00000151694	ADAM17	inflammatome
ENSG00000134954	ETS1	inflammatome
ENSG00000101307	SIRPB1	inflammatome
ENSG00000115091	ACTR3	inflammatome
ENSG00000116786	PLEKHM2	inflammatome
ENSG00000073737	DHRS9	inflammatome
ENSG00000185624	P4HB	inflammatome
ENSG00000018280	SLC11A1	inflammatome
ENSG00000166147	FBN1	inflammatome
ENSG00000133574	GIMAP4	inflammatome
ENSG00000172156	CCL11	inflammatome
ENSG00000108771	DHX58	inflammatome
ENSG00000151012	SLC7A11	inflammatome
ENSG00000160410	SHKBP1	inflammatome
ENSG00000177885	GRB2	inflammatome
ENSG00000081059	TCF7	inflammatome
ENSG00000074800	ENO1	inflammatome
ENSG00000184014	DENND5A	inflammatome
ENSG00000154760	SLFN13	inflammatome
ENSG00000239998	LILRA2	inflammatome
ENSG00000095970	TREM2	inflammatome
ENSG00000173083	HPSE	inflammatome
ENSG00000170525	PFKFB3	inflammatome
ENSG00000186470	BTN3A2	inflammatome
ENSG00000100911	PSME2	inflammatome
ENSG00000162946	DISC1	inflammatome
ENSG00000060982	BCAT1	inflammatome
ENSG00000092853	CLSPN	inflammatome
ENSG00000180340	FZD2	inflammatome
ENSG00000141497	ZMYND15	inflammatome
ENSG00000174007	CEP19	inflammatome
ENSG00000196396	PTPN1	inflammatome
ENSG00000110395	CBL	inflammatome
ENSG00000161638	ITGA5	inflammatome
ENSG00000102359	SRPX2	inflammatome
ENSG00000164136	IL15	inflammatome
ENSG00000198792	TMEM184B	inflammatome
ENSG00000137101	CD72	inflammatome
ENSG00000184216	IRAK1	inflammatome
ENSG00000145860	RNF145	inflammatome
ENSG00000067066	SP100	inflammatome
ENSG00000105967	TFEC	inflammatome
ENSG00000182853	VMO1	inflammatome
ENSG00000198826	ARHGAP11A	inflammatome
ENSG00000147408	CSGALNACT1	inflammatome
ENSG00000138778	CENPE	inflammatome
ENSG00000182022	CHST15	inflammatome
ENSG00000196189	SEMA4A	inflammatome
ENSG00000205403	CFI	inflammatome
ENSG00000125089	SH3TC1	inflammatome
ENSG00000111729	CLEC4A	inflammatome
ENSG00000180549	FUT7	inflammatome
ENSG00000154127	UBASH3B	inflammatome
ENSG00000172817	CYP7B1	inflammatome
ENSG00000141526	SLC16A3	inflammatome
ENSG00000152969	JAKMIP1	inflammatome
ENSG00000196126	HLA-DRB1	inflammatome
ENSG00000134690	CDCA8	inflammatome
ENSG00000241106	HLA-DOB	inflammatome
ENSG00000141756	FKBP10	inflammatome
ENSG00000128294	TPST2	inflammatome
ENSG00000134326	CMPK2	inflammatome
ENSG00000172269	DPAGT1	inflammatome
ENSG00000157227	MMP14	inflammatome
ENSG00000099998	GGT5	inflammatome
ENSG00000129038	LOXL1	inflammatome
ENSG00000173706	HEG1	inflammatome
ENSG00000011426	ANLN	inflammatome
ENSG00000100979	PLTP	inflammatome
ENSG00000205045	SLFN12L	inflammatome
ENSG00000114450	GNB4	inflammatome
ENSG00000112559	MDFI	inflammatome
ENSG00000130813	SHFL	inflammatome
ENSG00000186340	THBS2	inflammatome
ENSG00000158717	RNF166	inflammatome
ENSG00000065328	MCM10	inflammatome
ENSG00000128228	SDF2L1	inflammatome
ENSG00000123136	DDX39A	inflammatome
ENSG00000104974	LILRA1	inflammatome
ENSG00000130592	LSP1	inflammatome
ENSG00000118257	NRP2	inflammatome
ENSG00000138172	CALHM2	inflammatome
ENSG00000162924	REL	inflammatome
ENSG00000021355	SERPINB1	inflammatome
ENSG00000148175	STOM	inflammatome
ENSG00000103888	CEMIP	inflammatome
ENSG00000146242	TPBG	inflammatome
ENSG00000110079	MS4A4A	inflammatome
ENSG00000179051	RCC2	inflammatome
ENSG00000100297	MCM5	inflammatome
ENSG00000164932	CTHRC1	inflammatome
ENSG00000090520	DNAJB11	inflammatome
ENSG00000104774	MAN2B1	inflammatome
ENSG00000153029	MR1	inflammatome
ENSG00000110848	CD69	inflammatome
ENSG00000185947	ZNF267	inflammatome
ENSG00000030110	BAK1	inflammatome
ENSG00000107798	LIPA	inflammatome
ENSG00000137573	SULF1	inflammatome
ENSG00000101000	PROCR	inflammatome
ENSG00000134539	KLRD1	inflammatome
ENSG00000184164	CRELD2	inflammatome
ENSG00000163464	CXCR1	inflammatome
ENSG00000167604	NFKBID	inflammatome
ENSG00000122694	GLIPR2	inflammatome
ENSG00000106100	NOD1	inflammatome
ENSG00000112299	VNN1	inflammatome
ENSG00000196843	ARID5A	inflammatome
ENSG00000134321	RSAD2	inflammatome
ENSG00000110799	VWF	inflammatome
ENSG00000136731	UGGT1	inflammatome
ENSG00000173442	EHBP1L1	inflammatome
ENSG00000067225	PKM	inflammatome
ENSG00000150551	LYPD1	inflammatome
ENSG00000164294	GPX8	inflammatome
ENSG00000111912	NCOA7	inflammatome
ENSG00000198873	GRK5	inflammatome
ENSG00000117215	PLA2G2D	inflammatome
ENSG00000165280	VCP	inflammatome
ENSG00000137393	RNF144B	inflammatome
ENSG00000059804	SLC2A3	inflammatome
ENSG00000108798	ABI3	inflammatome
ENSG00000203760	CENPW	inflammatome
ENSG00000069399	BCL3	inflammatome
ENSG00000033178	UBA6	inflammatome
ENSG00000105352	CEACAM4	inflammatome
ENSG00000142185	TRPM2	inflammatome
ENSG00000130589	HELZ2	inflammatome
ENSG00000111796	KLRB1	inflammatome
ENSG00000006118	TMEM132A	inflammatome
ENSG00000069493	CLEC2D	inflammatome
ENSG00000138031	ADCY3	inflammatome
ENSG00000137507	LRRC32	inflammatome
ENSG00000105011	ASF1B	inflammatome
ENSG00000124203	ZNF831	inflammatome
ENSG00000198855	FICD	inflammatome
ENSG00000122986	HVCN1	inflammatome
ENSG00000164761	TNFRSF11B	inflammatome
ENSG00000143570	SLC39A1	inflammatome
ENSG00000204472	AIF1	inflammatome
ENSG00000080986	NDC80	inflammatome
ENSG00000196968	FUT11	inflammatome
ENSG00000049768	FOXP3	inflammatome
ENSG00000115604	IL18R1	inflammatome
ENSG00000198053	SIRPA	inflammatome
ENSG00000129657	SEC14L1	inflammatome
ENSG00000135451	TROAP	inflammatome
ENSG00000115919	KYNU	inflammatome
ENSG00000166986	MARS1	inflammatome
ENSG00000172543	CTSW	inflammatome
ENSG00000117650	NEK2	inflammatome
ENSG00000106348	IMPDH1	inflammatome
ENSG00000122223	CD244	inflammatome
ENSG00000132481	TRIM47	inflammatome
ENSG00000146285	SCML4	inflammatome
ENSG00000010327	STAB1	inflammatome
ENSG00000184489	PTP4A3	inflammatome
ENSG00000134285	FKBP11	inflammatome
ENSG00000158859	ADAMTS4	inflammatome
ENSG00000166278	C2	inflammatome
ENSG00000173918	C1QTNF1	inflammatome
ENSG00000104518	GSDMD	inflammatome
ENSG00000213859	KCTD11	inflammatome
ENSG00000137478	FCHSD2	inflammatome
ENSG00000055332	EIF2AK2	inflammatome
ENSG00000159322	ADPGK	inflammatome
ENSG00000169607	CKAP2L	inflammatome
ENSG00000172349	IL16	inflammatome
ENSG00000163735	CXCL5	inflammatome
ENSG00000163902	RPN1	inflammatome
ENSG00000078237	TIGAR	inflammatome
ENSG00000137509	PRCP	inflammatome
ENSG00000100721	TCL1A	inflammatome
ENSG00000179715	PCED1B	inflammatome
ENSG00000166130	IKBIP	inflammatome
ENSG00000027697	IFNGR1	inflammatome
ENSG00000076928	ARHGEF1	inflammatome
ENSG00000140451	PIF1	inflammatome
ENSG00000173762	CD7	inflammatome
ENSG00000172575	RASGRP1	inflammatome
ENSG00000138642	HERC6	inflammatome
ENSG00000275302	CCL4	inflammatome
ENSG00000187764	SEMA4D	inflammatome
ENSG00000137807	KIF23	inflammatome
ENSG00000122025	FLT3	inflammatome
ENSG00000166527	CLEC4D	inflammatome
ENSG00000197249	SERPINA1	inflammatome
ENSG00000123485	HJURP	inflammatome
ENSG00000185989	RASA3	inflammatome
ENSG00000198178	CLEC4C	inflammatome
ENSG00000100097	LGALS1	inflammatome
ENSG00000155393	HEATR3	inflammatome
ENSG00000162704	ARPC5	inflammatome
ENSG00000013374	NUB1	inflammatome
ENSG00000100644	HIF1A	inflammatome
ENSG00000163221	S100A12	inflammatome
ENSG00000167004	PDIA3	inflammatome
ENSG00000175857	GAPT	inflammatome
ENSG00000164220	F2RL2	inflammatome
ENSG00000197943	PLCG2	inflammatome
ENSG00000138623	SEMA7A	inflammatome
ENSG00000081041	CXCL2	inflammatome
ENSG00000197930	ERO1A	inflammatome
ENSG00000128394	APOBEC3F	inflammatome
ENSG00000198901	PRC1	inflammatome
ENSG00000213694	S1PR3	inflammatome
ENSG00000008517	IL32	inflammatome
ENSG00000065308	TRAM2	inflammatome
ENSG00000127951	FGL2	inflammatome
ENSG00000177000	MTHFR	inflammatome
ENSG00000100364	KIAA0930	inflammatome
ENSG00000171522	PTGER4	inflammatome
ENSG00000115325	DOK1	inflammatome
ENSG00000173110	HSPA6	inflammatome
ENSG00000011028	MRC2	inflammatome
ENSG00000114346	ECT2	inflammatome
ENSG00000109079	TNFAIP1	inflammatome
ENSG00000204525	HLA-C	inflammatome
ENSG00000166851	PLK1	inflammatome
ENSG00000148926	ADM	inflammatome
ENSG00000143387	CTSK	inflammatome
ENSG00000110944	IL23A	inflammatome
ENSG00000006062	MAP3K14	inflammatome
ENSG00000123130	ACOT9	inflammatome
ENSG00000145016	RUBCN	inflammatome
ENSG00000123473	STIL	inflammatome
ENSG00000110880	CORO1C	inflammatome
ENSG00000133321	PLAAT4	inflammatome
ENSG00000103966	EHD4	inflammatome
ENSG00000167618	LAIR2	inflammatome
ENSG00000077152	UBE2T	inflammatome
ENSG00000197798	FAM118B	inflammatome
ENSG00000112308	C6orf62	inflammatome
ENSG00000172602	RND1	inflammatome
ENSG00000137673	MMP7	inflammatome
ENSG00000171208	NETO2	inflammatome
ENSG00000114554	PLXNA1	inflammatome
ENSG00000100077	GRK3	inflammatome
ENSG00000180096	SEPTIN1	inflammatome
ENSG00000172116	CD8B	inflammatome
ENSG00000135596	MICAL1	inflammatome
ENSG00000198399	ITSN2	inflammatome
ENSG00000103855	CD276	inflammatome
ENSG00000102393	GLA	inflammatome
ENSG00000136295	TTYH3	inflammatome
ENSG00000087157	PGS1	inflammatome
ENSG00000120659	TNFSF11	inflammatome
ENSG00000143641	GALNT2	inflammatome
ENSG00000131389	SLC6A6	inflammatome
ENSG00000100351	GRAP2	inflammatome
ENSG00000162695	SLC30A7	inflammatome
ENSG00000164038	SLC9B2	inflammatome
ENSG00000100298	APOBEC3H	inflammatome
ENSG00000103042	SLC38A7	inflammatome
ENSG00000105483	CARD8	inflammatome
ENSG00000067057	PFKP	inflammatome
ENSG00000129675	ARHGEF6	inflammatome
ENSG00000233276	GPX1	inflammatome
ENSG00000122679	RAMP3	inflammatome
ENSG00000163421	PROK2	inflammatome
ENSG00000159131	GART	inflammatome
ENSG00000072609	CHFR	inflammatome
ENSG00000101367	MAPRE1	inflammatome
ENSG00000165457	FOLR2	inflammatome
ENSG00000108819	PPP1R9B	inflammatome
ENSG00000112742	TTK	inflammatome
ENSG00000068323	TFE3	inflammatome
ENSG00000136026	CKAP4	inflammatome
ENSG00000134070	IRAK2	inflammatome
ENSG00000163513	TGFBR2	inflammatome
ENSG00000132465	JCHAIN	inflammatome
ENSG00000147912	FBXO10	inflammatome
ENSG00000013364	MVP	inflammatome
ENSG00000134028	ADAMDEC1	inflammatome
ENSG00000181374	CCL13	inflammatome
ENSG00000160932	LY6E	inflammatome
ENSG00000127191	TRAF2	inflammatome
ENSG00000176390	CRLF3	inflammatome
ENSG00000178726	THBD	inflammatome
ENSG00000139083	ETV6	inflammatome
ENSG00000144815	NXPE3	inflammatome
ENSG00000087303	NID2	inflammatome
ENSG00000101150	TPD52L2	inflammatome
ENSG00000143549	TPM3	inflammatome
ENSG00000169258	GPRIN1	inflammatome
ENSG00000269404	SPIB	inflammatome
ENSG00000198937	CCDC167	inflammatome
ENSG00000116793	PHTF1	inflammatome
ENSG00000143333	RGS16	inflammatome
ENSG00000166501	PRKCB	inflammatome
ENSG00000181634	TNFSF15	inflammatome
ENSG00000175899	A2M	inflammatome
ENSG00000064201	TSPAN32	inflammatome
ENSG00000120254	MTHFD1L	inflammatome
ENSG00000102580	DNAJC3	inflammatome
ENSG00000106462	EZH2	inflammatome
ENSG00000068028	RASSF1	inflammatome
ENSG00000169756	LIMS1	inflammatome
ENSG00000155659	VSIG4	inflammatome
ENSG00000244482	LILRA6	inflammatome
ENSG00000172985	SH3RF3	inflammatome
ENSG00000198900	TOP1	inflammatome
ENSG00000169855	ROBO1	inflammatome
ENSG00000142173	COL6A2	inflammatome
ENSG00000048740	CELF2	inflammatome
ENSG00000065675	PRKCQ	inflammatome
ENSG00000091986	CCDC80	inflammatome
ENSG00000051180	RAD51	inflammatome
ENSG00000089094	KDM2B	inflammatome
ENSG00000113721	PDGFRB	inflammatome
ENSG00000135439	AGAP2	inflammatome
ENSG00000112769	LAMA4	inflammatome
ENSG00000111247	RAD51AP1	inflammatome
ENSG00000007264	MATK	inflammatome
ENSG00000011590	ZBTB32	inflammatome
ENSG00000188643	S100A16	inflammatome
ENSG00000198833	UBE2J1	inflammatome
ENSG00000121895	TMEM156	inflammatome
ENSG00000161888	SPC24	inflammatome
ENSG00000137491	SLCO2B1	inflammatome
ENSG00000168081	PNOC	inflammatome
ENSG00000163638	ADAMTS9	inflammatome
ENSG00000187955	COL14A1	inflammatome
ENSG00000173786	CNP	inflammatome
ENSG00000136280	CCM2	inflammatome
ENSG00000166928	MS4A14	inflammatome
ENSG00000108679	LGALS3BP	inflammatome
ENSG00000084207	GSTP1	inflammatome
ENSG00000205220	PSMB10	inflammatome
ENSG00000187239	FNBP1	inflammatome
ENSG00000033867	SLC4A7	inflammatome
ENSG00000198858	R3HDM4	inflammatome
ENSG00000087586	AURKA	inflammatome
ENSG00000099985	OSM	inflammatome
ENSG00000051523	CYBA	inflammatome
ENSG00000147138	GPR174	inflammatome
ENSG00000008513	ST3GAL1	inflammatome
ENSG00000118985	ELL2	inflammatome
ENSG00000128656	CHN1	inflammatome
ENSG00000135148	TRAFD1	inflammatome
ENSG00000181830	SLC35C1	inflammatome
ENSG00000197043	ANXA6	inflammatome
ENSG00000152253	SPC25	inflammatome
ENSG00000104626	ERI1	inflammatome
ENSG00000138646	HERC5	inflammatome
ENSG00000065413	ANKRD44	inflammatome
ENSG00000198885	ITPRIPL1	inflammatome
ENSG00000090924	PLEKHG2	inflammatome
ENSG00000179403	VWA1	inflammatome
ENSG00000139187	KLRG1	inflammatome
ENSG00000237649	KIFC1	inflammatome
ENSG00000051341	POLQ	inflammatome
ENSG00000151388	ADAMTS12	inflammatome
ENSG00000213903	LTB4R	inflammatome
ENSG00000122952	ZWINT	inflammatome
ENSG00000143228	NUF2	inflammatome
ENSG00000116962	NID1	inflammatome
ENSG00000133561	GIMAP6	inflammatome
ENSG00000102245	CD40LG	inflammatome
ENSG00000182199	SHMT2	inflammatome
ENSG00000213024	NUP62	inflammatome
ENSG00000143184	XCL1	inflammatome
ENSG00000153012	LGI2	inflammatome
ENSG00000162889	MAPKAPK2	inflammatome
ENSG00000112576	CCND3	inflammatome
ENSG00000067182	TNFRSF1A	inflammatome
ENSG00000030582	GRN	inflammatome
ENSG00000197948	FCHSD1	inflammatome
ENSG00000101096	NFATC2	inflammatome
ENSG00000183010	PYCR1	inflammatome
ENSG00000088882	CPXM1	inflammatome
ENSG00000095370	SH2D3C	inflammatome
ENSG00000170571	EMB	inflammatome
ENSG00000068796	KIF2A	inflammatome
ENSG00000173846	PLK3	inflammatome
ENSG00000166340	TPP1	inflammatome
ENSG00000106799	TGFBR1	inflammatome
ENSG00000111602	TIMELESS	inflammatome
ENSG00000163754	GYG1	inflammatome
ENSG00000168615	ADAM9	inflammatome
ENSG00000185245	GP1BA	inflammatome
ENSG00000113810	SMC4	inflammatome
ENSG00000164308	ERAP2	inflammatome
ENSG00000164543	STK17A	inflammatome
ENSG00000177663	IL17RA	inflammatome
ENSG00000116670	MAD2L2	inflammatome
ENSG00000175040	CHST2	inflammatome
ENSG00000196639	HRH1	inflammatome
ENSG00000166128	RAB8B	inflammatome
ENSG00000118655	DCLRE1B	inflammatome
ENSG00000134668	SPOCD1	inflammatome
ENSG00000076662	ICAM3	inflammatome
ENSG00000116489	CAPZA1	inflammatome
ENSG00000153250	RBMS1	inflammatome
ENSG00000075420	FNDC3B	inflammatome
ENSG00000005102	MEOX1	inflammatome
ENSG00000148154	UGCG	inflammatome
ENSG00000176153	GPX2	inflammatome
ENSG00000169136	ATF5	inflammatome
ENSG00000154380	ENAH	inflammatome
ENSG00000179750	APOBEC3B	inflammatome
ENSG00000010030	ETV7	inflammatome
ENSG00000181381	DDX60L	inflammatome
ENSG00000175471	MCTP1	inflammatome
ENSG00000196562	SULF2	inflammatome
ENSG00000158473	CD1D	inflammatome
ENSG00000148840	PPRC1	inflammatome
ENSG00000148248	SURF4	inflammatome
ENSG00000171320	ESCO2	inflammatome
ENSG00000125430	HS3ST3B1	inflammatome
ENSG00000185386	MAPK11	inflammatome
ENSG00000275385	CCL18	inflammatome
ENSG00000137168	PPIL1	inflammatome
ENSG00000129173	E2F8	inflammatome
ENSG00000130635	COL5A1	inflammatome
ENSG00000085117	CD82	inflammatome
ENSG00000106178	CCL24	inflammatome
ENSG00000188257	PLA2G2A	inflammatome
ENSG00000106333	PCOLCE	inflammatome
ENSG00000132386	SERPINF1	inflammatome
ENSG00000163606	CD200R1	inflammatome
ENSG00000159753	CARMIL2	inflammatome
ENSG00000125354	SEPTIN6	inflammatome
ENSG00000103257	SLC7A5	inflammatome
ENSG00000138119	MYOF	inflammatome
ENSG00000059728	MXD1	inflammatome
ENSG00000123219	CENPK	inflammatome
ENSG00000160213	CSTB	inflammatome
ENSG00000136869	TLR4	inflammatome
ENSG00000163162	RNF149	inflammatome
ENSG00000163808	KIF15	inflammatome
ENSG00000159618	ADGRG5	inflammatome
ENSG00000100401	RANGAP1	inflammatome
ENSG00000166670	MMP10	inflammatome
ENSG00000099250	NRP1	inflammatome
ENSG00000111665	CDCA3	inflammatome
ENSG00000139192	TAPBPL	inflammatome
ENSG00000213088	ACKR1	inflammatome
ENSG00000174705	SH3PXD2B	inflammatome
ENSG00000163734	CXCL3	inflammatome
ENSG00000081985	IL12RB2	inflammatome
ENSG00000138073	PREB	inflammatome
ENSG00000140287	HDC	inflammatome
ENSG00000144867	SRPRB	inflammatome
ENSG00000153048	CARHSP1	inflammatome
ENSG00000140545	MFGE8	inflammatome
ENSG00000126246	IGFLR1	inflammatome
ENSG00000140280	LYSMD2	inflammatome
ENSG00000171241	SHCBP1	inflammatome
ENSG00000088832	FKBP1A	inflammatome
ENSG00000167797	CDK2AP2	inflammatome
ENSG00000135842	NIBAN1	inflammatome
ENSG00000120949	TNFRSF8	inflammatome
ENSG00000150977	RILPL2	inflammatome
ENSG00000165891	E2F7	inflammatome
ENSG00000166106	ADAMTS15	inflammatome
ENSG00000007129	CEACAM21	inflammatome
ENSG00000170379	TCAF2	inflammatome
ENSG00000139679	LPAR6	inflammatome
ENSG00000101310	SEC23B	inflammatome
ENSG00000069424	KCNAB2	inflammatome
ENSG00000143344	RGL1	inflammatome
ENSG00000183853	KIRREL1	inflammatome
ENSG00000004700	RECQL	inflammatome
ENSG00000151835	SACS	inflammatome
ENSG00000184730	APOBR	inflammatome
ENSG00000177455	CD19	inflammatome
ENSG00000260314	MRC1	inflammatome
ENSG00000110756	HPS5	inflammatome
ENSG00000186469	GNG2	inflammatome
ENSG00000110852	CLEC2B	inflammatome
ENSG00000166401	SERPINB8	inflammatome
ENSG00000076003	MCM6	inflammatome
ENSG00000149380	P4HA3	inflammatome
ENSG00000123416	TUBA1B	inflammatome
ENSG00000083454	P2RX5	inflammatome
ENSG00000137193	PIM1	inflammatome
ENSG00000135919	SERPINE2	inflammatome
ENSG00000168899	VAMP5	inflammatome
ENSG00000134333	LDHA	inflammatome
ENSG00000166428	PLD4	inflammatome
ENSG00000154734	ADAMTS1	inflammatome
ENSG00000115902	SLC1A4	inflammatome
ENSG00000173120	KDM2A	inflammatome
ENSG00000073849	ST6GAL1	inflammatome
ENSG00000102575	ACP5	inflammatome
ENSG00000118369	USP35	inflammatome
ENSG00000137310	TCF19	inflammatome
ENSG00000109790	KLHL5	inflammatome
ENSG00000198879	SFMBT2	inflammatome
ENSG00000108700	CCL8	inflammatome
ENSG00000019169	MARCO	inflammatome
ENSG00000187741	FANCA	inflammatome
ENSG00000166803	PCLAF	inflammatome
ENSG00000167202	TBC1D2B	inflammatome
ENSG00000155252	PI4K2A	inflammatome
ENSG00000095319	NUP188	inflammatome
ENSG00000213445	SIPA1	inflammatome
ENSG00000158517	NCF1	inflammatome
ENSG00000172216	CEBPB	inflammatome
ENSG00000089351	GRAMD1A	inflammatome
ENSG00000146535	GNA12	inflammatome
ENSG00000197019	SERTAD1	inflammatome
ENSG00000169554	ZEB2	inflammatome
ENSG00000089041	P2RX7	inflammatome
ENSG00000226979	LTA	inflammatome
ENSG00000179241	LDLRAD3	inflammatome
ENSG00000154016	GRAP	inflammatome
ENSG00000142657	PGD	inflammatome
ENSG00000135426	TESPA1	inflammatome
ENSG00000255398	HCAR3	inflammatome
ENSG00000196776	CD47	inflammatome
ENSG00000113273	ARSB	inflammatome
ENSG00000178175	ZNF366	inflammatome
ENSG00000117016	RIMS3	inflammatome
ENSG00000146070	PLA2G7	inflammatome
ENSG00000140090	SLC24A4	inflammatome
ENSG00000134256	CD101	inflammatome
ENSG00000198431	TXNRD1	inflammatome
ENSG00000130300	PLVAP	inflammatome
ENSG00000144554	FANCD2	inflammatome
ENSG00000213886	UBD	inflammatome
ENSG00000112679	DUSP22	inflammatome
ENSG00000222009	BTBD19	inflammatome
ENSG00000165732	DDX21	inflammatome
ENSG00000040933	INPP4A	inflammatome
ENSG00000145423	SFRP2	inflammatome
ENSG00000101160	CTSZ	inflammatome
ENSG00000184588	PDE4B	inflammatome
ENSG00000154839	SKA1	inflammatome
ENSG00000244038	DDOST	inflammatome
ENSG00000143545	RAB13	inflammatome
ENSG00000143507	DUSP10	inflammatome
ENSG00000102445	RUBCNL	inflammatome
ENSG00000151929	BAG3	inflammatome
ENSG00000139514	SLC7A1	inflammatome
ENSG00000152804	HHEX	inflammatome
ENSG00000145246	ATP10D	inflammatome
ENSG00000116649	SRM	inflammatome
ENSG00000159202	UBE2Z	inflammatome
ENSG00000169499	PLEKHA2	inflammatome
ENSG00000000971	CFH	inflammatome
ENSG00000111728	ST8SIA1	inflammatome
ENSG00000068489	PRR11	inflammatome
ENSG00000196754	S100A2	inflammatome
ENSG00000129009	ISLR	inflammatome
ENSG00000105063	PPP6R1	inflammatome
ENSG00000177556	ATOX1	inflammatome
ENSG00000183856	IQGAP3	inflammatome
ENSG00000105397	TYK2	inflammatome
ENSG00000182718	ANXA2	inflammatome
ENSG00000163751	CPA3	inflammatome
ENSG00000138185	ENTPD1	inflammatome
ENSG00000137575	SDCBP	inflammatome
ENSG00000104689	TNFRSF10A	inflammatome
ENSG00000101670	LIPG	inflammatome
ENSG00000185745	IFIT1	inflammatome
ENSG00000239264	TXNDC5	inflammatome
ENSG00000107201	RIGI	inflammatome
ENSG00000007237	GAS7	inflammatome
ENSG00000119630	PGF	inflammatome
ENSG00000138061	CYP1B1	inflammatome
ENSG00000254709	IGLL5	inflammatome
ENSG00000164088	PPM1M	inflammatome
ENSG00000108932	SLC16A6	inflammatome
ENSG00000145632	PLK2	inflammatome
ENSG00000170312	CDK1	inflammatome
ENSG00000179776	CDH5	inflammatome
ENSG00000151650	VENTX	inflammatome
ENSG00000049323	LTBP1	inflammatome
ENSG00000197905	TEAD4	inflammatome
ENSG00000168329	CX3CR1	inflammatome
ENSG00000128578	STRIP2	inflammatome
ENSG00000135821	GLUL	inflammatome
ENSG00000188997	KCTD21	inflammatome
ENSG00000184979	USP18	inflammatome
ENSG00000155304	HSPA13	inflammatome
ENSG00000147536	GINS4	inflammatome
ENSG00000169180	XPO6	inflammatome
ENSG00000111341	MGP	inflammatome
ENSG00000167261	DPEP2	inflammatome
ENSG00000099194	SCD	inflammatome
ENSG00000124813	RUNX2	inflammatome
ENSG00000186283	TOR3A	inflammatome
ENSG00000118263	KLF7	inflammatome
ENSG00000163376	KBTBD8	inflammatome
ENSG00000140564	FURIN	inflammatome
ENSG00000064687	ABCA7	inflammatome
ENSG00000142156	COL6A1	inflammatome
ENSG00000125869	LAMP5	inflammatome
ENSG00000180879	SSR4	inflammatome
ENSG00000131196	NFATC1	inflammatome
ENSG00000179144	GIMAP7	inflammatome
ENSG00000125657	TNFSF9	inflammatome
ENSG00000061273	HDAC7	inflammatome
ENSG00000129465	RIPK3	inflammatome
ENSG00000129219	PLD2	inflammatome
ENSG00000169826	CSGALNACT2	inflammatome
ENSG00000198951	NAGA	inflammatome
ENSG00000165424	ZCCHC24	inflammatome
ENSG00000186871	ERCC6L	inflammatome
ENSG00000133246	PRAM1	inflammatome
ENSG00000154920	EME1	inflammatome
ENSG00000115318	LOXL3	inflammatome
ENSG00000225614	ZNF469	inflammatome
ENSG00000131725	WDR44	inflammatome
ENSG00000112249	ASCC3	inflammatome
ENSG00000042493	CAPG	inflammatome
ENSG00000135723	FHOD1	inflammatome
ENSG00000101445	PPP1R16B	inflammatome
ENSG00000126067	PSMB2	inflammatome
ENSG00000172673	THEMIS	inflammatome
ENSG00000181896	ZNF101	inflammatome
ENSG00000058799	YIPF1	inflammatome
ENSG00000136040	PLXNC1	inflammatome
ENSG00000170606	HSPA4	inflammatome
ENSG00000162063	CCNF	inflammatome
ENSG00000103196	CRISPLD2	inflammatome
ENSG00000102802	MEDAG	inflammatome
ENSG00000184640	SEPTIN9	inflammatome
ENSG00000164087	POC1A	inflammatome
ENSG00000163931	TKT	inflammatome
ENSG00000198502	HLA-DRB5	inflammatome
ENSG00000108688	CCL7	inflammatome
ENSG00000226479	TMEM185B	inflammatome
ENSG00000100292	HMOX1	inflammatome
ENSG00000108639	SYNGR2	inflammatome
ENSG00000135862	LAMC1	inflammatome
ENSG00000123131	PRDX4	inflammatome
ENSG00000140534	TICRR	inflammatome
ENSG00000176619	LMNB2	inflammatome
ENSG00000183765	CHEK2	inflammatome
ENSG00000171617	ENC1	inflammatome
ENSG00000139641	ESYT1	inflammatome
ENSG00000068438	FTSJ1	inflammatome
ENSG00000142405	NLRP12	inflammatome
ENSG00000100767	PAPLN	inflammatome
ENSG00000162551	ALPL	inflammatome
ENSG00000175592	FOSL1	inflammatome
ENSG00000071127	WDR1	inflammatome
ENSG00000149573	MPZL2	inflammatome
ENSG00000213523	SRA1	inflammatome
ENSG00000152056	AP1S3	inflammatome
ENSG00000146410	MTFR2	inflammatome
ENSG00000118946	PCDH17	inflammatome
ENSG00000106803	SEC61B	inflammatome
ENSG00000170006	TMEM154	inflammatome
ENSG00000161800	RACGAP1	inflammatome
ENSG00000130066	SAT1	inflammatome
ENSG00000167483	NIBAN3	inflammatome
ENSG00000107719	PALD1	inflammatome
ENSG00000198837	DENND4B	inflammatome
ENSG00000162783	IER5	inflammatome
ENSG00000153827	TRIP12	inflammatome
ENSG00000117385	P3H1	inflammatome
ENSG00000138795	LEF1	inflammatome
ENSG00000117152	RGS4	inflammatome
ENSG00000128805	ARHGAP22	inflammatome
ENSG00000163466	ARPC2	inflammatome
ENSG00000139734	DIAPH3	inflammatome
ENSG00000093000	NUP50	inflammatome
ENSG00000106565	TMEM176B	inflammatome
ENSG00000068366	ACSL4	inflammatome
ENSG00000108669	CYTH1	inflammatome
ENSG00000184445	KNTC1	inflammatome
ENSG00000174123	TLR10	inflammatome
ENSG00000198018	ENTPD7	inflammatome
ENSG00000112763	BTN2A1	inflammatome
ENSG00000161642	ZNF385A	inflammatome
ENSG00000162078	ZG16B	inflammatome
ENSG00000167553	TUBA1C	inflammatome
ENSG00000174500	GCSAM	inflammatome
ENSG00000111450	STX2	inflammatome
ENSG00000196230	TUBB	inflammatome
ENSG00000132589	FLOT2	inflammatome
ENSG00000180370	PAK2	inflammatome
ENSG00000141298	SSH2	inflammatome
ENSG00000052749	RRP12	inflammatome
ENSG00000176986	SEC24C	inflammatome
ENSG00000108654	DDX5	inflammatome
ENSG00000050165	DKK3	inflammatome
ENSG00000069966	GNB5	inflammatome
ENSG00000068878	PSME4	inflammatome
ENSG00000182183	SHISAL2A	inflammatome
ENSG00000145685	LHFPL2	inflammatome
ENSG00000123405	NFE2	inflammatome
ENSG00000131459	GFPT2	inflammatome
ENSG00000106636	YKT6	inflammatome
ENSG00000184985	SORCS2	inflammatome
ENSG00000108622	ICAM2	inflammatome
ENSG00000163993	S100P	inflammatome
ENSG00000134369	NAV1	inflammatome
ENSG00000151023	ENKUR	inflammatome
ENSG00000120885	CLU	inflammatome
ENSG00000204475	NCR3	inflammatome
ENSG00000137161	CNPY3	inflammatome
ENSG00000100139	MICALL1	inflammatome
ENSG00000121797	CCRL2	inflammatome
ENSG00000182158	CREB3L2	inflammatome
ENSG00000143479	DYRK3	inflammatome
ENSG00000108518	PFN1	inflammatome
ENSG00000113070	HBEGF	inflammatome
ENSG00000184432	COPB2	inflammatome
ENSG00000143556	S100A7	inflammatome
ENSG00000067955	CBFB	inflammatome
ENSG00000138756	BMP2K	inflammatome
ENSG00000007312	CD79B	inflammatome
ENSG00000116871	MAP7D1	inflammatome
ENSG00000134247	PTGFRN	inflammatome
ENSG00000103569	AQP9	inflammatome
ENSG00000121621	KIF18A	inflammatome
ENSG00000110697	PITPNM1	inflammatome
ENSG00000186891	TNFRSF18	inflammatome
ENSG00000084112	SSH1	inflammatome
ENSG00000109113	RAB34	inflammatome
ENSG00000165434	PGM2L1	inflammatome
ENSG00000116337	AMPD2	inflammatome
ENSG00000111536	IL26	inflammatome
ENSG00000120709	FAM53C	inflammatome
ENSG00000137474	MYO7A	inflammatome
ENSG00000143799	PARP1	inflammatome
ENSG00000197457	STMN3	inflammatome
ENSG00000183160	TMEM119	inflammatome
ENSG00000031081	ARHGAP31	inflammatome
ENSG00000129116	PALLD	inflammatome
ENSG00000111641	NOP2	inflammatome
ENSG00000176890	TYMS	inflammatome
ENSG00000085999	RAD54L	inflammatome
ENSG00000196405	EVL	inflammatome
ENSG00000055130	CUL1	inflammatome
ENSG00000139182	CLSTN3	inflammatome
ENSG00000103044	HAS3	inflammatome
ENSG00000141540	TTYH2	inflammatome
ENSG00000229474	PATL2	inflammatome
ENSG00000173692	PSMD1	inflammatome
ENSG00000187513	GJA4	inflammatome
ENSG00000176920	FUT2	inflammatome
ENSG00000254986	DPP3	inflammatome
ENSG00000183570	PCBP3	inflammatome
ENSG00000163872	YEATS2	inflammatome
ENSG00000138448	ITGAV	inflammatome
ENSG00000067560	RHOA	inflammatome
ENSG00000104415	CCN4	inflammatome
ENSG00000178199	ZC3H12D	inflammatome
ENSG00000107551	RASSF4	inflammatome
ENSG00000101194	SLC17A9	inflammatome
ENSG00000197956	S100A6	inflammatome
ENSG00000197506	SLC28A3	inflammatome
ENSG00000116260	QSOX1	inflammatome
ENSG00000109674	NEIL3	inflammatome
ENSG00000128203	ASPHD2	inflammatome
ENSG00000173391	OLR1	inflammatome
ENSG00000173535	TNFRSF10C	inflammatome
ENSG00000130270	ATP8B3	inflammatome
ENSG00000183615	FAM167B	inflammatome
ENSG00000161381	PLXDC1	inflammatome
ENSG00000105339	DENND3	inflammatome
ENSG00000125726	CD70	inflammatome
ENSG00000166889	PATL1	inflammatome
ENSG00000105520	PLPPR2	inflammatome
ENSG00000162302	RPS6KA4	inflammatome
ENSG00000002587	HS3ST1	inflammatome
ENSG00000125753	VASP	inflammatome
ENSG00000024422	EHD2	inflammatome
ENSG00000130584	ZBTB46	inflammatome
ENSG00000024526	DEPDC1	inflammatome
ENSG00000174718	RESF1	inflammatome
ENSG00000167772	ANGPTL4	inflammatome
ENSG00000176083	ZNF683	inflammatome
ENSG00000169220	RGS14	inflammatome
ENSG00000133216	EPHB2	inflammatome
ENSG00000029534	ANK1	inflammatome
ENSG00000114850	SSR3	inflammatome
ENSG00000028116	VRK2	inflammatome
ENSG00000182492	BGN	inflammatome
ENSG00000176749	CDK5R1	inflammatome
ENSG00000173894	CBX2	inflammatome
ENSG00000163032	VSNL1	inflammatome
ENSG00000158555	GDPD5	inflammatome
ENSG00000105355	PLIN3	inflammatome
ENSG00000003402	CFLAR	inflammatome
ENSG00000106268	NUDT1	inflammatome
ENSG00000155961	RAB39B	inflammatome
ENSG00000139618	BRCA2	inflammatome
ENSG00000091317	CMTM6	inflammatome
ENSG00000138160	KIF11	inflammatome
ENSG00000119655	NPC2	inflammatome
ENSG00000113657	DPYSL3	inflammatome
ENSG00000175354	PTPN2	inflammatome
ENSG00000257017	HP	inflammatome
ENSG00000160796	NBEAL2	inflammatome
ENSG00000158402	CDC25C	inflammatome
ENSG00000064692	SNCAIP	inflammatome
ENSG00000174807	CD248	inflammatome
ENSG00000144810	COL8A1	inflammatome
ENSG00000153310	CYRIB	inflammatome
ENSG00000152495	CAMK4	inflammatome
ENSG00000134824	FADS2	inflammatome
ENSG00000072571	HMMR	inflammatome
ENSG00000122176	FMOD	inflammatome
ENSG00000126561	STAT5A	inflammatome
ENSG00000099377	HSD3B7	inflammatome
ENSG00000104783	KCNN4	inflammatome
ENSG00000061656	SPAG4	inflammatome
ENSG00000069974	RAB27A	inflammatome
ENSG00000136630	HLX	inflammatome
ENSG00000100599	RIN3	inflammatome
ENSG00000134817	APLNR	inflammatome
ENSG00000147416	ATP6V1B2	inflammatome
ENSG00000132688	NES	inflammatome
ENSG00000079215	SLC1A3	inflammatome
ENSG00000169299	PGM2	inflammatome
ENSG00000180957	PITPNB	inflammatome
ENSG00000110900	TSPAN11	inflammatome
ENSG00000060491	OGFR	inflammatome
ENSG00000134955	SLC37A2	inflammatome
ENSG00000131724	IL13RA1	inflammatome
ENSG00000074695	LMAN1	inflammatome
ENSG00000154217	PITPNC1	inflammatome
ENSG00000143369	ECM1	inflammatome
ENSG00000105726	ATP13A1	inflammatome
ENSG00000113648	MACROH2A1	inflammatome
ENSG00000145220	LYAR	inflammatome
ENSG00000101236	RNF24	inflammatome
ENSG00000135709	KIAA0513	inflammatome
ENSG00000092330	TINF2	inflammatome
ENSG00000167552	TUBA1A	inflammatome
ENSG00000086061	DNAJA1	inflammatome
ENSG00000170989	S1PR1	inflammatome
ENSG00000100263	RHBDD3	inflammatome
ENSG00000221926	TRIM16	inflammatome
ENSG00000133048	CHI3L1	inflammatome
ENSG00000147324	MFHAS1	inflammatome
ENSG00000087263	OGFOD1	inflammatome
ENSG00000183019	MCEMP1	inflammatome
ENSG00000127947	PTPN12	inflammatome
ENSG00000119900	OGFRL1	inflammatome
ENSG00000097046	CDC7	inflammatome
ENSG00000124151	NCOA3	inflammatome
ENSG00000100345	MYH9	inflammatome
ENSG00000131355	ADGRE3	inflammatome
ENSG00000106080	FKBP14	inflammatome
ENSG00000167476	JSRP1	inflammatome
ENSG00000136244	IL6	inflammatome
ENSG00000166197	NOLC1	inflammatome
ENSG00000119812	FAM98A	inflammatome
ENSG00000158122	PRXL2C	inflammatome
ENSG00000170801	HTRA3	inflammatome
ENSG00000276043	UHRF1	inflammatome
ENSG00000135898	GPR55	inflammatome
ENSG00000136986	DERL1	inflammatome
ENSG00000019991	HGF	inflammatome
ENSG00000159128	IFNGR2	inflammatome
ENSG00000110906	KCTD10	inflammatome
ENSG00000174371	EXO1	inflammatome
ENSG00000121858	TNFSF10	inflammatome
ENSG00000077585	GPR137B	inflammatome
ENSG00000127311	HELB	inflammatome
ENSG00000254415	SIGLEC14	inflammatome
ENSG00000157693	TMEM268	inflammatome
ENSG00000132182	NUP210	inflammatome
ENSG00000188641	DPYD	inflammatome
ENSG00000103534	TMC5	inflammatome
ENSG00000130779	CLIP1	inflammatome
ENSG00000198909	MAP3K3	inflammatome
ENSG00000171056	SOX7	inflammatome
ENSG00000104312	RIPK2	inflammatome
ENSG00000088930	XRN2	inflammatome
ENSG00000198055	GRK6	inflammatome
ENSG00000130558	OLFM1	inflammatome
ENSG00000103335	PIEZO1	inflammatome
ENSG00000006606	CCL26	inflammatome
ENSG00000117009	KMO	inflammatome
ENSG00000128283	CDC42EP1	inflammatome
ENSG00000012124	CD22	inflammatome
ENSG00000134757	DSG3	inflammatome
ENSG00000042062	RIPOR3	inflammatome
ENSG00000168310	IRF2	inflammatome
ENSG00000116584	ARHGEF2	inflammatome
ENSG00000157350	ST3GAL2	inflammatome
ENSG00000148288	GBGT1	inflammatome
ENSG00000143185	XCL2	inflammatome
ENSG00000197324	LRP10	inflammatome
ENSG00000151466	SCLT1	inflammatome
ENSG00000205268	PDE7A	inflammatome
ENSG00000148841	ITPRIP	inflammatome
ENSG00000050438	SLC4A8	inflammatome
ENSG00000111224	PARP11	inflammatome
ENSG00000048140	TSPAN17	inflammatome
ENSG00000171115	GIMAP8	inflammatome
ENSG00000272636	DOC2B	inflammatome
ENSG00000204397	CARD16	inflammatome
ENSG00000065923	SLC9A7	inflammatome
ENSG00000145901	TNIP1	inflammatome
ENSG00000126391	FRMD8	inflammatome
ENSG00000113615	SEC24A	inflammatome
ENSG00000096968	JAK2	inflammatome
ENSG00000185022	MAFF	inflammatome
ENSG00000128016	ZFP36	inflammatome
ENSG00000164620	RELL2	inflammatome
ENSG00000138107	ACTR1A	inflammatome
ENSG00000127022	CANX	inflammatome
ENSG00000110321	EIF4G2	inflammatome
ENSG00000135094	SDS	inflammatome
ENSG00000184988	TMEM106A	inflammatome
ENSG00000123684	LPGAT1	inflammatome
ENSG00000010292	NCAPD2	inflammatome
ENSG00000170266	GLB1	inflammatome
ENSG00000154736	ADAMTS5	inflammatome
ENSG00000165929	TC2N	inflammatome
ENSG00000188215	DCUN1D3	inflammatome
ENSG00000067167	TRAM1	inflammatome
ENSG00000101003	GINS1	inflammatome
ENSG00000136997	MYC	inflammatome
ENSG00000107372	ZFAND5	inflammatome
ENSG00000119321	FKBP15	inflammatome
ENSG00000027075	PRKCH	inflammatome
ENSG00000154237	LRRK1	inflammatome
ENSG00000157554	ERG	inflammatome
ENSG00000070404	FSTL3	inflammatome
ENSG00000115414	FN1	inflammatome
ENSG00000064601	CTSA	inflammatome
ENSG00000203710	CR1	inflammatome
ENSG00000130475	FCHO1	inflammatome
ENSG00000133805	AMPD3	inflammatome
ENSG00000171236	LRG1	inflammatome
ENSG00000105664	COMP	inflammatome
ENSG00000102007	PLP2	inflammatome
ENSG00000167755	KLK6	inflammatome
ENSG00000141956	PRDM15	inflammatome
ENSG00000136108	CKAP2	inflammatome
ENSG00000169188	APEX2	inflammatome
ENSG00000157734	SNX22	inflammatome
ENSG00000158488	CD1E	inflammatome
ENSG00000261371	PECAM1	inflammatome
ENSG00000047457	CP	inflammatome
ENSG00000137309	HMGA1	inflammatome
ENSG00000110047	EHD1	inflammatome
ENSG00000168393	DTYMK	inflammatome
ENSG00000147509	RGS20	inflammatome
ENSG00000136122	BORA	inflammatome
ENSG00000175054	ATR	inflammatome
ENSG00000076706	MCAM	inflammatome
ENSG00000183696	UPP1	inflammatome
ENSG00000124762	CDKN1A	inflammatome
ENSG00000147570	DNAJC5B	inflammatome
ENSG00000010704	HFE	inflammatome
ENSG00000077549	CAPZB	inflammatome
ENSG00000124635	H2BC11	inflammatome
ENSG00000163013	FBXO41	inflammatome
ENSG00000113621	TXNDC15	inflammatome
ENSG00000204209	DAXX	inflammatome
ENSG00000158050	DUSP2	inflammatome
ENSG00000151617	EDNRA	inflammatome
ENSG00000198355	PIM3	inflammatome
ENSG00000172757	CFL1	inflammatome
ENSG00000204103	MAFB	inflammatome
ENSG00000166839	ANKDD1A	inflammatome
ENSG00000105131	EPHX3	inflammatome
ENSG00000166025	AMOTL1	inflammatome
ENSG00000149499	EML3	inflammatome
ENSG00000179331	RAB39A	inflammatome
ENSG00000185669	SNAI3	inflammatome
ENSG00000213064	SFT2D2	inflammatome
ENSG00000117410	ATP6V0B	inflammatome
ENSG00000197860	SGTB	inflammatome
ENSG00000173039	RELA	inflammatome
ENSG00000142627	EPHA2	inflammatome
ENSG00000196329	GIMAP5	inflammatome
ENSG00000189184	PCDH18	inflammatome
ENSG00000134107	BHLHE40	inflammatome
ENSG00000074966	TXK	inflammatome
ENSG00000185338	SOCS1	inflammatome
ENSG00000117676	RPS6KA1	inflammatome
ENSG00000181104	F2R	inflammatome
ENSG00000141527	CARD14	inflammatome
ENSG00000128272	ATF4	inflammatome
ENSG00000131015	ULBP2	inflammatome
ENSG00000109736	MFSD10	inflammatome
ENSG00000156970	BUB1B	inflammatome
ENSG00000170961	HAS2	inflammatome
ENSG00000198113	TOR4A	inflammatome
ENSG00000136634	IL10	inflammatome
ENSG00000175294	CATSPER1	inflammatome
ENSG00000181649	PHLDA2	inflammatome
ENSG00000159212	CLIC6	inflammatome
ENSG00000184602	SNN	inflammatome
ENSG00000104903	LYL1	inflammatome
ENSG00000115525	ST3GAL5	inflammatome
ENSG00000136732	GYPC	inflammatome
ENSG00000174442	ZWILCH	inflammatome
ENSG00000170004	CHD3	inflammatome
ENSG00000197746	PSAP	inflammatome
ENSG00000132000	PODNL1	inflammatome
ENSG00000149177	PTPRJ	inflammatome
ENSG00000119508	NR4A3	inflammatome
ENSG00000137267	TUBB2A	inflammatome
ENSG00000120694	HSPH1	inflammatome
ENSG00000179431	FJX1	inflammatome
ENSG00000118849	RARRES1	inflammatome
ENSG00000111012	CYP27B1	inflammatome
ENSG00000153179	RASSF3	inflammatome
ENSG00000153898	MCOLN2	inflammatome
ENSG00000102871	TRADD	inflammatome
ENSG00000249992	TMEM158	inflammatome
ENSG00000155465	SLC7A7	inflammatome
ENSG00000159167	STC1	inflammatome
ENSG00000213626	LBH	inflammatome
ENSG00000139370	SLC15A4	inflammatome
ENSG00000114648	KLHL18	inflammatome
ENSG00000205250	E2F4	inflammatome
ENSG00000182934	SRPRA	inflammatome
ENSG00000139687	RB1	inflammatome
ENSG00000012660	ELOVL5	inflammatome
ENSG00000101187	SLCO4A1	inflammatome
ENSG00000101825	MXRA5	inflammatome
ENSG00000166272	WBP1L	inflammatome
ENSG00000124181	PLCG1	inflammatome
ENSG00000169813	HNRNPF	inflammatome
ENSG00000103005	USB1	inflammatome
ENSG00000136603	SKIL	inflammatome
ENSG00000160193	WDR4	inflammatome
ENSG00000076641	PAG1	inflammatome
ENSG00000141682	PMAIP1	inflammatome
ENSG00000112562	SMOC2	inflammatome
ENSG00000174485	DENND4A	inflammatome
ENSG00000118292	C1orf54	inflammatome
ENSG00000204161	TMEM273	inflammatome
ENSG00000132704	FCRL2	inflammatome
ENSG00000129810	SGO1	inflammatome
ENSG00000151176	PLBD2	inflammatome
ENSG00000182446	NPLOC4	inflammatome
ENSG00000142748	FCN3	inflammatome
ENSG00000143622	RIT1	inflammatome
ENSG00000198856	OSTC	inflammatome
ENSG00000075702	WDR62	inflammatome
ENSG00000134755	DSC2	inflammatome
ENSG00000185482	STAC3	inflammatome
ENSG00000119681	LTBP2	inflammatome
ENSG00000103353	UBFD1	inflammatome
ENSG00000179921	GPBAR1	inflammatome
ENSG00000198133	TMEM229B	inflammatome
ENSG00000172638	EFEMP2	inflammatome
ENSG00000167065	DUSP18	inflammatome
ENSG00000181617	FDCSP	inflammatome
ENSG00000182944	EWSR1	inflammatome
ENSG00000175792	RUVBL1	inflammatome
ENSG00000204381	LAYN	inflammatome
ENSG00000136541	ERMN	inflammatome
ENSG00000213203	GIMAP1	inflammatome
ENSG00000165490	DDIAS	inflammatome
ENSG00000262246	CORO7	inflammatome
ENSG00000249751	ECSCR	inflammatome
ENSG00000111640	GAPDH	inflammatome
ENSG00000166444	DENND2B	inflammatome
ENSG00000167634	NLRP7	inflammatome
ENSG00000173540	GMPPB	inflammatome
ENSG00000164305	CASP3	inflammatome
ENSG00000125844	RRBP1	inflammatome
ENSG00000091527	CDV3	inflammatome
ENSG00000073969	NSF	inflammatome
ENSG00000157483	MYO1E	inflammatome
ENSG00000181804	SLC9A9	inflammatome
ENSG00000134910	STT3A	inflammatome
ENSG00000114978	MOB1A	inflammatome
ENSG00000167721	TSR1	inflammatome
ENSG00000140650	PMM2	inflammatome
ENSG00000087077	TRIP6	inflammatome
ENSG00000159871	LYPD5	inflammatome
ENSG00000171223	JUNB	inflammatome
ENSG00000164877	MICALL2	inflammatome
ENSG00000167601	AXL	inflammatome
ENSG00000007968	E2F2	inflammatome
ENSG00000124225	PMEPA1	inflammatome
ENSG00000239961	LILRA4	inflammatome
ENSG00000134684	YARS1	inflammatome
ENSG00000089597	GANAB	inflammatome
ENSG00000061337	LZTS1	inflammatome
ENSG00000154124	OTULIN	inflammatome
ENSG00000182752	PAPPA	inflammatome
ENSG00000141424	SLC39A6	inflammatome
ENSG00000142694	EVA1B	inflammatome
ENSG00000103742	IGDCC4	inflammatome
ENSG00000166920	C15orf48	inflammatome
ENSG00000154845	PPP4R1	inflammatome
ENSG00000177602	HASPIN	inflammatome
ENSG00000124574	ABCC10	inflammatome
ENSG00000182566	CLEC4G	inflammatome
ENSG00000124107	SLPI	inflammatome
ENSG00000143494	VASH2	inflammatome
ENSG00000140092	FBLN5	inflammatome
ENSG00000135823	STX6	inflammatome
ENSG00000162298	SYVN1	inflammatome
ENSG00000174640	SLCO2A1	inflammatome
ENSG00000124496	TRERF1	inflammatome
ENSG00000173198	CYSLTR1	inflammatome
ENSG00000041357	PSMA4	inflammatome
ENSG00000105514	RAB3D	inflammatome
ENSG00000039523	RIPOR1	inflammatome
ENSG00000162747	FCGR3B	inflammatome
ENSG00000119408	NEK6	inflammatome
ENSG00000132535	DLG4	inflammatome
ENSG00000115687	PASK	inflammatome
ENSG00000127564	PKMYT1	inflammatome
ENSG00000133619	KRBA1	inflammatome
ENSG00000173578	XCR1	inflammatome
ENSG00000111737	RAB35	inflammatome
ENSG00000147889	CDKN2A	inflammatome
ENSG00000057149	SERPINB3	inflammatome
ENSG00000159147	DONSON	inflammatome
ENSG00000155849	ELMO1	inflammatome
ENSG00000155506	LARP1	inflammatome
ENSG00000115828	QPCT	inflammatome
ENSG00000149418	ST14	inflammatome
ENSG00000159164	SV2A	inflammatome
ENSG00000099953	MMP11	inflammatome
ENSG00000134853	PDGFRA	inflammatome
ENSG00000106105	GARS1	inflammatome
ENSG00000131979	GCH1	inflammatome
ENSG00000169871	TRIM56	inflammatome
ENSG00000182463	TSHZ2	inflammatome
ENSG00000129566	TEP1	inflammatome
ENSG00000164574	GALNT10	inflammatome
ENSG00000145850	TIMD4	inflammatome
ENSG00000005001	PRSS22	inflammatome
ENSG00000133275	CSNK1G2	inflammatome
ENSG00000135838	NPL	inflammatome
ENSG00000163661	PTX3	inflammatome
ENSG00000136378	ADAMTS7	inflammatome
ENSG00000149923	PPP4C	inflammatome
ENSG00000100092	SH3BP1	inflammatome
ENSG00000110108	TMEM109	inflammatome
ENSG00000105825	TFPI2	inflammatome
ENSG00000170638	TRABD	inflammatome
ENSG00000167173	C15orf39	inflammatome
ENSG00000163297	ANTXR2	inflammatome
ENSG00000100596	SPTLC2	inflammatome
ENSG00000160683	CXCR5	inflammatome
ENSG00000127423	AUNIP	inflammatome
ENSG00000105887	MTPN	inflammatome
ENSG00000137648	TMPRSS4	inflammatome
ENSG00000088992	TESC	inflammatome
ENSG00000137200	CMTR1	inflammatome
ENSG00000168487	BMP1	inflammatome
ENSG00000170627	GTSF1	inflammatome
ENSG00000101846	STS	inflammatome
ENSG00000051825	MPHOSPH9	inflammatome
ENSG00000122870	BICC1	inflammatome
ENSG00000010244	ZNF207	inflammatome
ENSG00000198074	AKR1B10	inflammatome
ENSG00000139626	ITGB7	inflammatome
ENSG00000073756	PTGS2	inflammatome
ENSG00000171385	KCND3	inflammatome
ENSG00000167600	CYP2S1	inflammatome
ENSG00000175166	PSMD2	inflammatome
ENSG00000134339	SAA2	inflammatome
ENSG00000140548	ZNF710	inflammatome
ENSG00000135316	SYNCRIP	inflammatome
ENSG00000188786	MTF1	inflammatome
ENSG00000091409	ITGA6	inflammatome
ENSG00000122218	COPA	inflammatome
ENSG00000143320	CRABP2	inflammatome
ENSG00000101182	PSMA7	inflammatome
ENSG00000144118	RALB	inflammatome
ENSG00000147113	DIPK2B	inflammatome